<?xml version="1.0" encoding="UTF-8"?>
<content xmlns:j="http://www.jahia.org/jahia/1.0" xmlns:jcr="http://www.jcp.org/jcr/1.0">
   <sites jcr:primaryType="jnt:virtualsitesFolder">
      <site1 j:inactiveLanguages=""
             j:inactiveLiveLanguages=""
             j:lastPublished="2022-08-12T08:25:07.755Z"
             j:lastPublishedBy="root"
             j:originWS="default"
             j:published="true"
             j:wcagCompliance="true"
             jcr:created="2022-08-12T08:25:06.960Z"
             jcr:createdBy="system"
             jcr:lastModified="2022-08-12T08:25:07.738Z"
             jcr:lastModifiedBy=""
             jcr:mixinTypes="jmix:accessControlled"
             jcr:primaryType="jnt:virtualsite"
             jcr:uuid="fc0ae64c-9993-409b-9e09-aefcf8459eef">
         <groups j:lastPublished="2022-08-12T08:25:07.118Z"
                 j:lastPublishedBy="root"
                 j:originWS="default"
                 j:published="true"
                 jcr:created="2022-08-12T08:25:06.970Z"
                 jcr:createdBy="system"
                 jcr:lastModified="2022-08-12T08:25:07.096Z"
                 jcr:lastModifiedBy=""
                 jcr:primaryType="jnt:groupsFolder"
                 jcr:uuid="54f9eb54-e195-42ed-9811-c0a56cee051d">
            <site-users j:external="false"
                        j:hidden="false"
                        j:lastPublished="2022-08-12T08:25:07.118Z"
                        j:lastPublishedBy="root"
                        j:originWS="default"
                        j:published="true"
                        jcr:created="2022-08-12T08:25:06.971Z"
                        jcr:createdBy="system"
                        jcr:lastModified="2022-08-12T08:25:07.096Z"
                        jcr:lastModifiedBy=""
                        jcr:mixinTypes="jmix:systemNode"
                        jcr:primaryType="jnt:group"
                        jcr:uuid="5a077c6b-33db-4eac-89b7-ca9c815ba2e9">
               <j:members j:lastPublished="2022-08-12T08:25:07.118Z"
                          j:lastPublishedBy="root"
                          j:originWS="default"
                          j:published="true"
                          jcr:created="2022-08-12T08:25:06.971Z"
                          jcr:createdBy="system"
                          jcr:lastModified="2022-08-12T08:25:07.096Z"
                          jcr:lastModifiedBy=""
                          jcr:primaryType="jnt:members"
                          jcr:uuid="15bd0c1e-c771-499c-9324-3e4df417da2f"/>
            </site-users>
            <site-administrators j:external="false"
                                 j:hidden="false"
                                 j:lastPublished="2022-08-12T08:25:07.118Z"
                                 j:lastPublishedBy="root"
                                 j:originWS="default"
                                 j:published="true"
                                 jcr:created="2022-08-12T08:25:06.971Z"
                                 jcr:createdBy="system"
                                 jcr:lastModified="2022-08-12T08:25:07.096Z"
                                 jcr:lastModifiedBy=""
                                 jcr:mixinTypes="jmix:systemNode"
                                 jcr:primaryType="jnt:group"
                                 jcr:uuid="7ca316c1-6a49-42c2-9c74-5ce35d65146a">
               <j:members j:lastPublished="2022-08-12T08:25:07.118Z"
                          j:lastPublishedBy="root"
                          j:originWS="default"
                          j:published="true"
                          jcr:created="2022-08-12T08:25:06.971Z"
                          jcr:createdBy="system"
                          jcr:lastModified="2022-08-12T08:25:07.096Z"
                          jcr:lastModifiedBy=""
                          jcr:primaryType="jnt:members"
                          jcr:uuid="094851d9-ab75-4bdb-93a9-fd39c197fc00">
                  <users j:lastPublished="2022-08-12T08:25:07.755Z"
                         j:lastPublishedBy="root"
                         j:originWS="default"
                         j:published="true"
                         jcr:created="2022-08-12T08:25:07.630Z"
                         jcr:createdBy="system"
                         jcr:lastModified="2022-08-12T08:25:07.738Z"
                         jcr:lastModifiedBy=""
                         jcr:primaryType="jnt:members"
                         jcr:uuid="74eee48a-daef-4eb8-a769-270923e4f8a2">
                     <root j:lastPublished="2022-08-12T08:25:07.755Z"
                           j:lastPublishedBy="root"
                           j:member="#/users/root"
                           j:originWS="default"
                           j:published="true"
                           jcr:created="2022-08-12T08:25:07.630Z"
                           jcr:createdBy="system"
                           jcr:lastModified="2022-08-12T08:25:07.738Z"
                           jcr:lastModifiedBy=""
                           jcr:primaryType="jnt:member"
                           jcr:uuid="81728acd-b1aa-4abd-8e38-0b2699e68a9f"/>
                  </users>
               </j:members>
            </site-administrators>
            <site-privileged j:external="false"
                             j:hidden="false"
                             j:lastPublished="2022-08-12T08:25:07.118Z"
                             j:lastPublishedBy="root"
                             j:originWS="default"
                             j:published="true"
                             jcr:created="2022-08-12T08:25:06.972Z"
                             jcr:createdBy="system"
                             jcr:lastModified="2022-08-12T08:25:07.096Z"
                             jcr:lastModifiedBy=""
                             jcr:mixinTypes="jmix:systemNode"
                             jcr:primaryType="jnt:group"
                             jcr:uuid="5c8c3c20-a82b-4250-8a10-051cd1bf8103">
               <j:members j:lastPublished="2022-08-12T08:25:07.118Z"
                          j:lastPublishedBy="root"
                          j:originWS="default"
                          j:published="true"
                          jcr:created="2022-08-12T08:25:06.972Z"
                          jcr:createdBy="system"
                          jcr:lastModified="2022-08-12T08:25:07.096Z"
                          jcr:lastModifiedBy=""
                          jcr:primaryType="jnt:members"
                          jcr:uuid="48626f5c-1563-408e-b499-0f9dba05a4f6">
                  <sites j:lastPublished="2022-08-12T08:25:07.697Z"
                         j:lastPublishedBy="root"
                         j:originWS="default"
                         j:published="true"
                         jcr:created="2022-08-12T08:25:07.674Z"
                         jcr:createdBy="system"
                         jcr:lastModified="2022-08-12T08:25:07.684Z"
                         jcr:lastModifiedBy=""
                         jcr:primaryType="jnt:members"
                         jcr:uuid="04430762-c545-44de-82d1-a6ac0cb58ac0">
                     <site1 j:lastPublished="2022-08-12T08:25:07.697Z"
                            j:lastPublishedBy="root"
                            j:originWS="default"
                            j:published="true"
                            jcr:created="2022-08-12T08:25:07.674Z"
                            jcr:createdBy="system"
                            jcr:lastModified="2022-08-12T08:25:07.684Z"
                            jcr:lastModifiedBy=""
                            jcr:primaryType="jnt:members"
                            jcr:uuid="de53dbda-be1a-4f2f-80df-5628d507ffb9">
                        <groups j:lastPublished="2022-08-12T08:25:07.697Z"
                                j:lastPublishedBy="root"
                                j:originWS="default"
                                j:published="true"
                                jcr:created="2022-08-12T08:25:07.674Z"
                                jcr:createdBy="system"
                                jcr:lastModified="2022-08-12T08:25:07.684Z"
                                jcr:lastModifiedBy=""
                                jcr:primaryType="jnt:members"
                                jcr:uuid="b86fced2-14b4-41fd-8900-b009d5370286">
                           <site-administrators j:lastPublished="2022-08-12T08:25:07.697Z"
                                                j:lastPublishedBy="root"
                                                j:member="#/sites/site1/groups/site-administrators"
                                                j:originWS="default"
                                                j:published="true"
                                                jcr:created="2022-08-12T08:25:07.674Z"
                                                jcr:createdBy="system"
                                                jcr:lastModified="2022-08-12T08:25:07.684Z"
                                                jcr:lastModifiedBy=""
                                                jcr:primaryType="jnt:member"
                                                jcr:uuid="8fba818d-88ce-4b17-bf9c-f29f10c38739"/>
                        </groups>
                     </site1>
                  </sites>
               </j:members>
            </site-privileged>
         </groups>
         <home j:isHomePage="true"
               j:lastPublished="2022-08-12T08:26:03.253Z"
               j:lastPublishedBy="root"
               j:originWS="default"
               j:published="true"
               j:templateName="starter"
               jcr:created="2022-08-12T08:25:06.979Z"
               jcr:createdBy="system"
               jcr:lastModified="2022-08-12T08:25:07.096Z"
               jcr:lastModifiedBy=""
               jcr:primaryType="jnt:page"
               jcr:uuid="25e8d24e-7c1e-40bc-b549-ec82a43234a3">
            <j:translation_en j:lastPublished="2022-08-12T08:26:03.253Z"
                              j:lastPublishedBy="root"
                              j:published="true"
                              jcr:language="en"
                              jcr:lastModified="2022-08-12T08:25:07.096Z"
                              jcr:lastModifiedBy=""
                              jcr:mixinTypes="mix:title"
                              jcr:primaryType="jnt:translation"
                              jcr:title="Home"
                              jcr:uuid="32f68a4d-b3c5-453c-b8af-d09349fd8aea"/>
            <header j:lastPublished="2022-08-12T08:26:03.253Z"
                    j:lastPublishedBy="root"
                    j:originWS="default"
                    j:published="true"
                    jcr:created="2022-08-12T08:25:13.450Z"
                    jcr:createdBy="root"
                    jcr:lastModified="2022-08-12T08:25:13.566Z"
                    jcr:lastModifiedBy="root"
                    jcr:mixinTypes="jmix:systemNameReadonly"
                    jcr:primaryType="jnt:contentList"
                    jcr:uuid="81d3cd9f-59cd-4881-af15-df7db295ed27">
               <navbar addContainerWithinTheNavbar="true"
                       addLanguageButton="true"
                       addLoginButton="true"
                       j:lastPublished="2022-08-12T08:26:03.253Z"
                       j:lastPublishedBy="root"
                       j:originWS="default"
                       j:published="true"
                       j:workInProgressLanguages=""
                       j:workInProgressStatus="DISABLED"
                       jcr:created="2022-08-12T08:25:44.551Z"
                       jcr:createdBy="root"
                       jcr:lastModified="2022-08-12T08:25:44.594Z"
                       jcr:lastModifiedBy="root"
                       jcr:mixinTypes="bootstrap5mix:brand bootstrap5mix:navbarGlobalSettings"
                       jcr:primaryType="bootstrap5nt:navbar"
                       jcr:uuid="897ff032-1307-4bb6-bd89-6f0480d423c6"
                       maxlevel="2"
                       root="homePage">
                  <j:translation_en brandText="Site1"
                                    j:lastPublished="2022-08-12T08:26:03.253Z"
                                    j:lastPublishedBy="root"
                                    j:published="true"
                                    jcr:language="en"
                                    jcr:lastModified="2022-08-12T08:25:44.594Z"
                                    jcr:lastModifiedBy="root"
                                    jcr:primaryType="jnt:translation"
                                    jcr:uuid="f651a5e1-c916-4899-80b0-62a30b5ca90c"/>
               </navbar>
            </header>
            <pagecontent j:lastPublished="2022-08-12T08:26:03.253Z"
                         j:lastPublishedBy="root"
                         j:originWS="default"
                         j:published="true"
                         jcr:created="2022-08-12T08:25:13.765Z"
                         jcr:createdBy="root"
                         jcr:lastModified="2022-08-12T08:25:13.798Z"
                         jcr:lastModifiedBy="root"
                         jcr:mixinTypes="jmix:systemNameReadonly"
                         jcr:primaryType="jnt:contentList"
                         jcr:uuid="7622522c-b258-4db9-8333-7d14e31845d5"/>
            <footer j:lastPublished="2022-08-12T08:26:03.253Z"
                    j:lastPublishedBy="root"
                    j:originWS="default"
                    j:published="true"
                    jcr:created="2022-08-12T08:25:13.813Z"
                    jcr:createdBy="root"
                    jcr:lastModified="2022-08-12T08:25:13.838Z"
                    jcr:lastModifiedBy="root"
                    jcr:mixinTypes="jmix:systemNameReadonly"
                    jcr:primaryType="jnt:contentList"
                    jcr:uuid="7f1f3c32-cead-4081-bda4-a12d2637daa7"/>
         </home>
         <j:acl jcr:primaryType="jnt:acl"
                jcr:uuid="9531b8e7-166b-4e05-a551-489088cf118d">
            <GRANT_g_site-privileged j:aceType="GRANT"
                                     j:principal="g:site-privileged"
                                     j:protected="false"
                                     j:roles="privileged"
                                     jcr:primaryType="jnt:ace"
                                     jcr:uuid="7b09ebe4-188d-42e7-93ee-ac57a8f58332"/>
            <DENY_g_privileged j:aceType="DENY"
                               j:principal="g:privileged"
                               j:protected="false"
                               j:roles="privileged"
                               jcr:primaryType="jnt:ace"
                               jcr:uuid="59db93fc-fc12-4b48-8543-9869415b9748"/>
            <GRANT_g_site-administrators j:aceType="GRANT"
                                         j:principal="g:site-administrators"
                                         j:protected="false"
                                         j:roles="site-administrator"
                                         jcr:primaryType="jnt:ace"
                                         jcr:uuid="5707caea-bb59-4a20-8472-3107c14ff35c"/>
         </j:acl>
      </site1>
   </sites>
   <users jcr:primaryType="jnt:usersFolder">
      <root j:accountLocked="false"
            j:external="false"
            j:lastPublished="2022-08-12T08:14:15.778Z"
            j:lastPublishedBy=""
            j:originWS="default"
            j:password="p:FwyMaRmBFH7osERayb2tPgIFhxCtrMbvwrU0H/Gg5sliUiUzZpyOEpc5xUBhiXBpQ9TlrwlLN96Dcx5VNwsEvg==$gJ+1xZY51es5xwvavhSiV3G3w79JLcuvq8uiubcFcIo="
            j:published="true"
            jcr:created="2022-08-12T08:14:10.537Z"
            jcr:createdBy="system"
            jcr:lastModified="2022-08-12T08:14:15.747Z"
            jcr:lastModifiedBy=""
            jcr:mixinTypes="jmix:accessControlled"
            jcr:primaryType="jnt:user"
            jcr:uuid="b32d306a-6c74-11de-b3ef-001e4fead50b"
            preferredLanguage="en">
         <preferences jcr:primaryType="jnt:preferences"
                      jcr:uuid="732ce111-8307-4903-b5de-129adf2a1bf3"/>
         <j:acl jcr:primaryType="jnt:acl"
                jcr:uuid="c0319f8c-57bd-43f2-8cd6-0c6a6868201c">
            <GRANT_u_root j:aceType="GRANT"
                          j:principal="u:root"
                          j:protected="false"
                          j:roles="owner"
                          jcr:primaryType="jnt:ace"
                          jcr:uuid="4f5825c2-8af8-4ed7-960a-46e17f63642e"/>
         </j:acl>
         <j:addresses jcr:primaryType="jnt:addresses"
                      jcr:uuid="3b4d7887-e2b1-4001-a136-51fc8338df85"/>
         <passwordHistory jcr:primaryType="jnt:passwordHistory"
                          jcr:uuid="d0ed2ee1-cecd-4200-8b25-a83eabd2b95a">
            <pwd-2022-08-12-08-14-15 jcr:created="2022-08-12T08:14:15.590Z"
                                     jcr:createdBy="system"
                                     jcr:primaryType="jnt:passwordHistoryEntry"
                                     jcr:uuid="da26e74c-f104-4b67-bba9-839a14979f31"/>
         </passwordHistory>
         <j:phones jcr:primaryType="jnt:phoneNumbers"
                   jcr:uuid="017ec52a-28a1-4d45-ac1e-2f70d7488ed5"/>
      </root>
   </users>
</content>
