<?xml version="1.0" encoding="UTF-8"?>
<content xmlns:j="http://www.jahia.org/jahia/1.0" xmlns:jcr="http://www.jcp.org/jcr/1.0">
   <sites jcr:primaryType="jnt:virtualsitesFolder">
      <site1 j:inactiveLanguages=""
             j:inactiveLiveLanguages=""
             j:lastPublished="2022-08-17T08:14:49.673Z"
             j:lastPublishedBy="root"
             j:originWS="default"
             j:published="true"
             j:wcagCompliance="true"
             jcr:created="2022-08-17T08:14:46.553Z"
             jcr:createdBy="system"
             jcr:lastModified="2022-08-17T08:14:49.659Z"
             jcr:lastModifiedBy=""
             jcr:mixinTypes="jmix:accessControlled"
             jcr:primaryType="jnt:virtualsite"
             jcr:uuid="6cac5b33-b84a-4111-b81a-26e7139fcbdf"
             j:publicationStatus="1">
         <files j:lastPublished="2022-08-17T08:23:43.164Z"
                j:lastPublishedBy="root"
                j:originWS="default"
                j:published="true"
                jcr:created="2022-08-17T08:14:46.557Z"
                jcr:createdBy="system"
                jcr:lastModified="2022-08-12T08:25:07.096Z"
                jcr:lastModifiedBy=""
                jcr:primaryType="jnt:folder"
                jcr:uuid="033957a4-7160-46ee-abec-a0a2e38c1038"
                j:publicationStatus="1"/>
         <portlets j:lastPublished="2022-08-17T08:23:43.164Z"
                   j:lastPublishedBy="root"
                   j:originWS="default"
                   j:published="true"
                   jcr:created="2022-08-17T08:14:46.557Z"
                   jcr:createdBy="system"
                   jcr:lastModified="2022-08-12T08:25:07.096Z"
                   jcr:lastModifiedBy=""
                   jcr:primaryType="jnt:portletFolder"
                   jcr:uuid="4457a75b-4887-42c1-9a32-77403520af04"
                   j:publicationStatus="1"/>
         <groups j:lastPublished="2022-08-17T08:14:46.813Z"
                 j:lastPublishedBy="root"
                 j:originWS="default"
                 j:published="true"
                 jcr:created="2022-08-17T08:14:46.558Z"
                 jcr:createdBy="system"
                 jcr:lastModified="2022-08-17T08:14:46.748Z"
                 jcr:lastModifiedBy=""
                 jcr:primaryType="jnt:groupsFolder"
                 jcr:uuid="96f39324-2f1c-4608-b559-0435c2c819b5"
                 j:publicationStatus="1">
            <site-users j:external="false"
                        j:hidden="false"
                        j:lastPublished="2022-08-12T08:25:07.118Z"
                        j:lastPublishedBy="root"
                        j:originWS="default"
                        j:published="true"
                        jcr:created="2022-08-17T08:14:46.558Z"
                        jcr:createdBy="system"
                        jcr:lastModified="2022-08-12T08:25:07.096Z"
                        jcr:lastModifiedBy=""
                        jcr:mixinTypes="jmix:systemNode"
                        jcr:primaryType="jnt:group"
                        jcr:uuid="c1aa8112-92cf-4cc3-a9bf-76e573743951"
                        j:publicationStatus="1">
               <j:members j:lastPublished="2022-08-12T08:25:07.118Z"
                          j:lastPublishedBy="root"
                          j:originWS="default"
                          j:published="true"
                          jcr:created="2022-08-17T08:14:46.558Z"
                          jcr:createdBy="system"
                          jcr:lastModified="2022-08-12T08:25:07.096Z"
                          jcr:lastModifiedBy=""
                          jcr:primaryType="jnt:members"
                          jcr:uuid="2aaf7d75-830d-4303-8aec-404b62c509ae"
                          j:publicationStatus="1"/>
            </site-users>
            <site-administrators j:external="false"
                                 j:hidden="false"
                                 j:lastPublished="2022-08-12T08:25:07.118Z"
                                 j:lastPublishedBy="root"
                                 j:originWS="default"
                                 j:published="true"
                                 jcr:created="2022-08-17T08:14:46.558Z"
                                 jcr:createdBy="system"
                                 jcr:lastModified="2022-08-12T08:25:07.096Z"
                                 jcr:lastModifiedBy=""
                                 jcr:mixinTypes="jmix:systemNode"
                                 jcr:primaryType="jnt:group"
                                 jcr:uuid="7c08f95a-25a5-4833-b893-4190855ccb50"
                                 j:publicationStatus="1">
               <j:members j:lastPublished="2022-08-12T08:25:07.118Z"
                          j:lastPublishedBy="root"
                          j:originWS="default"
                          j:published="true"
                          jcr:created="2022-08-17T08:14:46.559Z"
                          jcr:createdBy="system"
                          jcr:lastModified="2022-08-12T08:25:07.096Z"
                          jcr:lastModifiedBy=""
                          jcr:primaryType="jnt:members"
                          jcr:uuid="da1e8d8f-2aed-4410-9042-dfd69c31e861"
                          j:publicationStatus="1">
                  <users j:lastPublished="2022-08-12T08:25:07.755Z"
                         j:lastPublishedBy="root"
                         j:originWS="default"
                         j:published="true"
                         jcr:created="2022-08-17T08:14:47.410Z"
                         jcr:createdBy="system"
                         jcr:lastModified="2022-08-12T08:25:07.738Z"
                         jcr:lastModifiedBy=""
                         jcr:primaryType="jnt:members"
                         jcr:uuid="8df51ce6-9a33-4b84-9664-29f4f838333b"
                         j:publicationStatus="1">
                     <root j:lastPublished="2022-08-12T08:25:07.755Z"
                           j:lastPublishedBy="root"
                           j:member="#/users/root"
                           j:originWS="default"
                           j:published="true"
                           jcr:created="2022-08-17T08:14:47.410Z"
                           jcr:createdBy="system"
                           jcr:lastModified="2022-08-12T08:25:07.738Z"
                           jcr:lastModifiedBy=""
                           jcr:primaryType="jnt:member"
                           jcr:uuid="6aaf3856-0712-4953-b715-f0f9132c8939"
                           j:publicationStatus="1"/>
                  </users>
               </j:members>
            </site-administrators>
            <site-privileged j:external="false"
                             j:hidden="false"
                             j:lastPublished="2022-08-12T08:25:07.118Z"
                             j:lastPublishedBy="root"
                             j:originWS="default"
                             j:published="true"
                             jcr:created="2022-08-17T08:14:46.559Z"
                             jcr:createdBy="system"
                             jcr:lastModified="2022-08-12T08:25:07.096Z"
                             jcr:lastModifiedBy=""
                             jcr:mixinTypes="jmix:systemNode"
                             jcr:primaryType="jnt:group"
                             jcr:uuid="d2877178-eb9d-4606-afc8-5bffee8b59cd"
                             j:publicationStatus="1">
               <j:members j:lastPublished="2022-08-12T08:25:07.118Z"
                          j:lastPublishedBy="root"
                          j:originWS="default"
                          j:published="true"
                          jcr:created="2022-08-17T08:14:46.559Z"
                          jcr:createdBy="system"
                          jcr:lastModified="2022-08-12T08:25:07.096Z"
                          jcr:lastModifiedBy=""
                          jcr:primaryType="jnt:members"
                          jcr:uuid="ed243e5b-bae8-438b-8e6f-89970c22c764"
                          j:publicationStatus="1">
                  <sites j:lastPublished="2022-08-12T08:25:07.697Z"
                         j:lastPublishedBy="root"
                         j:originWS="default"
                         j:published="true"
                         jcr:created="2022-08-17T08:14:47.474Z"
                         jcr:createdBy="system"
                         jcr:lastModified="2022-08-12T08:25:07.684Z"
                         jcr:lastModifiedBy=""
                         jcr:primaryType="jnt:members"
                         jcr:uuid="a68a83bd-bf9e-439e-90a8-6e9aaedbe088"
                         j:publicationStatus="1">
                     <site1 j:lastPublished="2022-08-12T08:25:07.697Z"
                            j:lastPublishedBy="root"
                            j:originWS="default"
                            j:published="true"
                            jcr:created="2022-08-17T08:14:47.474Z"
                            jcr:createdBy="system"
                            jcr:lastModified="2022-08-12T08:25:07.684Z"
                            jcr:lastModifiedBy=""
                            jcr:primaryType="jnt:members"
                            jcr:uuid="b402d149-1158-4b7e-9ec8-91298e36e5f3"
                            j:publicationStatus="1">
                        <groups j:lastPublished="2022-08-12T08:25:07.697Z"
                                j:lastPublishedBy="root"
                                j:originWS="default"
                                j:published="true"
                                jcr:created="2022-08-17T08:14:47.474Z"
                                jcr:createdBy="system"
                                jcr:lastModified="2022-08-12T08:25:07.684Z"
                                jcr:lastModifiedBy=""
                                jcr:primaryType="jnt:members"
                                jcr:uuid="25db96e1-41cb-4abb-a966-6f88cecc87d4"
                                j:publicationStatus="1">
                           <site-administrators j:lastPublished="2022-08-12T08:25:07.697Z"
                                                j:lastPublishedBy="root"
                                                j:member="#/sites/site1/groups/site-administrators"
                                                j:originWS="default"
                                                j:published="true"
                                                jcr:created="2022-08-17T08:14:47.475Z"
                                                jcr:createdBy="system"
                                                jcr:lastModified="2022-08-12T08:25:07.684Z"
                                                jcr:lastModifiedBy=""
                                                jcr:primaryType="jnt:member"
                                                jcr:uuid="52554e8f-db18-4d5f-ad8c-9a5291f72c65"
                                                j:publicationStatus="1"/>
                        </groups>
                     </site1>
                  </sites>
               </j:members>
            </site-privileged>
         </groups>
         <contents j:lastPublished="2022-08-17T08:23:43.164Z"
                   j:lastPublishedBy="root"
                   j:originWS="default"
                   j:published="true"
                   jcr:created="2022-08-17T08:14:46.559Z"
                   jcr:createdBy="system"
                   jcr:lastModified="2022-08-12T08:25:07.096Z"
                   jcr:lastModifiedBy=""
                   jcr:primaryType="jnt:contentFolder"
                   jcr:uuid="6791d54a-d9c5-4b0a-a72e-c19e149e3fd2"
                   j:publicationStatus="1"/>
         <home j:isHomePage="true"
               j:lastPublished="2022-08-12T08:26:03.253Z"
               j:lastPublishedBy="root"
               j:originWS="default"
               j:published="true"
               j:templateName="starter"
               jcr:created="2022-08-17T08:14:46.565Z"
               jcr:createdBy="system"
               jcr:lastModified="2022-08-12T08:25:07.096Z"
               jcr:lastModifiedBy=""
               jcr:primaryType="jnt:page"
               jcr:uuid="1190c813-f372-4107-893c-4277ebc349d0"
               j:publicationStatus="1">
            <j:translation_en j:lastPublished="2022-08-12T08:26:03.253Z"
                              j:lastPublishedBy="root"
                              j:published="true"
                              jcr:language="en"
                              jcr:lastModified="2022-08-12T08:25:07.096Z"
                              jcr:lastModifiedBy=""
                              jcr:mixinTypes="mix:title"
                              jcr:primaryType="jnt:translation"
                              jcr:title="Home"
                              jcr:uuid="2bd92544-8804-4028-a0b6-0e283269b46b"/>
            <header j:lastPublished="2022-08-12T08:26:03.253Z"
                    j:lastPublishedBy="root"
                    j:originWS="default"
                    j:published="true"
                    jcr:created="2022-08-12T08:25:13.450Z"
                    jcr:createdBy="root"
                    jcr:lastModified="2022-08-12T08:25:13.566Z"
                    jcr:lastModifiedBy="root"
                    jcr:mixinTypes="jmix:systemNameReadonly"
                    jcr:primaryType="jnt:contentList"
                    jcr:uuid="f6b85dcc-aa7c-4b28-840b-8ef98fd46ce0">
               <navbar addContainerWithinTheNavbar="true"
                       addLanguageButton="true"
                       addLoginButton="true"
                       j:lastPublished="2022-08-12T08:26:03.253Z"
                       j:lastPublishedBy="root"
                       j:originWS="default"
                       j:published="true"
                       j:workInProgressStatus="DISABLED"
                       jcr:created="2022-08-12T08:25:44.551Z"
                       jcr:createdBy="root"
                       jcr:lastModified="2022-08-12T08:25:44.594Z"
                       jcr:lastModifiedBy="root"
                       jcr:mixinTypes="bootstrap5mix:brand bootstrap5mix:navbarGlobalSettings"
                       jcr:primaryType="bootstrap5nt:navbar"
                       jcr:uuid="90bf8c16-33c2-4381-9a79-fb400ba47a30"
                       maxlevel="2"
                       root="homePage">
                  <j:translation_en brandText="Site1"
                                    j:lastPublished="2022-08-12T08:26:03.253Z"
                                    j:lastPublishedBy="root"
                                    j:published="true"
                                    jcr:language="en"
                                    jcr:lastModified="2022-08-12T08:25:44.594Z"
                                    jcr:lastModifiedBy="root"
                                    jcr:primaryType="jnt:translation"
                                    jcr:uuid="c8f06366-6f68-4702-9b79-b8ea87893fd7"/>
               </navbar>
            </header>
            <pagecontent j:lastPublished="2022-08-12T08:26:03.253Z"
                         j:lastPublishedBy="root"
                         j:originWS="default"
                         j:published="true"
                         jcr:created="2022-08-12T08:25:13.765Z"
                         jcr:createdBy="root"
                         jcr:lastModified="2022-08-12T08:25:13.798Z"
                         jcr:lastModifiedBy="root"
                         jcr:mixinTypes="jmix:systemNameReadonly"
                         jcr:primaryType="jnt:contentList"
                         jcr:uuid="2106c5c7-944a-4435-9d84-ac2958c77664">
               <layout-and-grid containerType="container"
                                grid="12"
                                horizontalGutters="default"
                                j:lastPublished="2022-08-17T08:23:43.164Z"
                                j:lastPublishedBy="root"
                                j:originWS="default"
                                j:published="true"
                                jcr:created="2022-08-17T08:21:19.434Z"
                                jcr:createdBy="root"
                                jcr:lastModified="2022-08-17T08:22:59.487Z"
                                jcr:lastModifiedBy="root"
                                jcr:mixinTypes="bootstrap5mix:createContainer bootstrap5mix:createRow bootstrap5mix:createSection bootstrap5mix:predefinedGrid"
                                jcr:primaryType="bootstrap5nt:grid"
                                jcr:uuid="806317f5-70a6-4ebc-807d-eccc56ca6e15"
                                rowHorizontalAlignment="default"
                                rowVerticalAlignment="default"
                                sectionCssClass="mt-4"
                                sectionElement="main"
                                typeOfGrid="predefinedGrid"
                                verticalGutters="default">
                  <main j:lastPublished="2022-08-17T08:23:43.164Z"
                        j:lastPublishedBy="root"
                        j:originWS="default"
                        j:published="true"
                        jcr:created="2022-08-17T08:21:20.124Z"
                        jcr:createdBy="root"
                        jcr:lastModified="2022-08-17T08:21:20.169Z"
                        jcr:lastModifiedBy="root"
                        jcr:mixinTypes="jmix:systemNameReadonly"
                        jcr:primaryType="jnt:contentList"
                        jcr:uuid="e7c3a3f8-db24-40b0-927b-b2254f9b929f">
                     <text j:lastPublished="2022-08-17T08:23:43.164Z"
                           j:lastPublishedBy="root"
                           j:originWS="default"
                           j:published="true"
                           j:workInProgressLanguages=""
                           j:workInProgressStatus="DISABLED"
                           jcr:created="2022-08-17T08:22:25.544Z"
                           jcr:createdBy="root"
                           jcr:lastModified="2022-08-17T08:22:25.729Z"
                           jcr:lastModifiedBy="root"
                           jcr:primaryType="bootstrap5nt:text"
                           jcr:uuid="8a5b91d2-8f28-42a4-9471-3e9fd109291c">
                        <j:translation_en j:lastPublished="2022-08-17T08:23:43.164Z"
                                          j:lastPublishedBy="root"
                                          j:published="true"
                                          jcr:language="en"
                                          jcr:lastModified="2022-08-17T08:22:25.729Z"
                                          jcr:lastModifiedBy="root"
                                          jcr:primaryType="jnt:translation"
                                          jcr:uuid="fe743cd2-e77c-459a-9454-f5c0613d6ca4"
                                          text="&lt;h3&gt;Hello folk&amp;#39;s!&lt;/h3&gt;&#xA;&#xA;&lt;p&gt;This is an empty site. You sign log in with the root using root1234 as password.&lt;/p&gt;&#xA;"/>
                     </text>
                  </main>
               </layout-and-grid>
            </pagecontent>
            <footer j:lastPublished="2022-08-12T08:26:03.253Z"
                    j:lastPublishedBy="root"
                    j:originWS="default"
                    j:published="true"
                    jcr:created="2022-08-12T08:25:13.813Z"
                    jcr:createdBy="root"
                    jcr:lastModified="2022-08-12T08:25:13.838Z"
                    jcr:lastModifiedBy="root"
                    jcr:mixinTypes="jmix:systemNameReadonly"
                    jcr:primaryType="jnt:contentList"
                    jcr:uuid="b13e9876-ee3f-42a1-b677-5ab76702337a"/>
            <page-1 j:lastPublished="2022-08-17T08:23:43.164Z"
                    j:lastPublishedBy="root"
                    j:originWS="default"
                    j:published="true"
                    j:templateName="starter"
                    j:workInProgressLanguages=""
                    j:workInProgressStatus="DISABLED"
                    jcr:created="2022-08-17T08:23:31.842Z"
                    jcr:createdBy="root"
                    jcr:lastModified="2022-08-17T08:23:31.891Z"
                    jcr:lastModifiedBy="root"
                    jcr:primaryType="jnt:page"
                    jcr:uuid="e230c8c7-9df8-4274-9ed0-c0eafc5bb5e2"
                    j:publicationStatus="1">
               <j:translation_en j:lastPublished="2022-08-17T08:23:43.164Z"
                                 j:lastPublishedBy="root"
                                 j:published="true"
                                 jcr:language="en"
                                 jcr:lastModified="2022-08-17T08:23:31.891Z"
                                 jcr:lastModifiedBy="root"
                                 jcr:primaryType="jnt:translation"
                                 jcr:title="Page 1"
                                 jcr:uuid="591f7b43-faa5-4dde-974e-00c94175ac40"/>
            </page-1>
         </home>
         <j:acl jcr:primaryType="jnt:acl"
                jcr:uuid="319d2eee-b564-42c5-8859-a99780fc6cbd">
            <GRANT_g_site-privileged j:aceType="GRANT"
                                     j:principal="g:site-privileged"
                                     j:protected="false"
                                     j:roles="privileged"
                                     jcr:primaryType="jnt:ace"
                                     jcr:uuid="9980e63b-0b06-489f-ae69-2b2d3ab7f6cf"/>
            <DENY_g_privileged j:aceType="DENY"
                               j:principal="g:privileged"
                               j:protected="false"
                               j:roles="privileged"
                               jcr:primaryType="jnt:ace"
                               jcr:uuid="ac75a146-c55c-4220-8475-adb6d66b1dc5"/>
            <GRANT_g_site-administrators j:aceType="GRANT"
                                         j:principal="g:site-administrators"
                                         j:protected="false"
                                         j:roles="site-administrator"
                                         jcr:primaryType="jnt:ace"
                                         jcr:uuid="641401ed-e4ca-4152-8761-a1f314d2cdfd"/>
         </j:acl>
      </site1>
   </sites>
   <users jcr:primaryType="jnt:usersFolder">
      <root j:accountLocked="false"
            j:external="false"
            j:lastPublished="2022-08-17T08:14:48.341Z"
            j:lastPublishedBy="root"
            j:originWS="default"
            j:password="p:lFd6QifDa/vVqTR6YWYO4cy2IXDPDf1tzMKKvZ+2Xr16ev6VviR2jEBV+ZFuTk9NErzQREAYp1rWRe/zwCWt1w==$1DuRN3GTuUFNAcZmuGWGLPXcFbKniwC+DTQhTwvmnxY="
            j:published="true"
            jcr:created="2022-08-17T08:12:13.720Z"
            jcr:createdBy="system"
            jcr:lastModified="2022-08-17T08:14:48.321Z"
            jcr:lastModifiedBy=""
            jcr:mixinTypes="jmix:accessControlled"
            jcr:primaryType="jnt:user"
            jcr:uuid="b32d306a-6c74-11de-b3ef-001e4fead50b"
            preferredLanguage="en"
            j:publicationStatus="1">
         <files j:originWS="default"
                jcr:created="2022-08-17T08:12:13.726Z"
                jcr:createdBy="system"
                jcr:lastModified="2022-08-12T08:14:14.221Z"
                jcr:lastModifiedBy=""
                jcr:primaryType="jnt:folder"
                jcr:uuid="180e7de0-0e4b-4fd4-bf04-46de151b9c26"
                j:publicationStatus="4">
            <private j:originWS="default"
                     jcr:created="2022-08-17T08:12:13.727Z"
                     jcr:createdBy="system"
                     jcr:lastModified="2022-08-12T08:14:14.221Z"
                     jcr:lastModifiedBy=""
                     jcr:mixinTypes="jmix:accessControlled"
                     jcr:primaryType="jnt:folder"
                     jcr:uuid="de23e5ef-31de-484b-968b-dc26bc6bc280"
                     j:publicationStatus="4">
               <j:acl j:inherit="false"
                      jcr:primaryType="jnt:acl"
                      jcr:uuid="4c3366f2-7856-422b-adae-58b5829c7f7f">
                  <GRANT_u_root j:aceType="GRANT"
                                j:principal="u:root"
                                j:protected="false"
                                j:roles="owner"
                                jcr:primaryType="jnt:ace"
                                jcr:uuid="7a42a373-9964-49ce-a9ca-6ba467fa0f83"/>
               </j:acl>
               <imports j:originWS="default"
                        jcr:created="2022-08-17T08:12:13.732Z"
                        jcr:createdBy="system"
                        jcr:lastModified="2022-08-12T08:14:14.221Z"
                        jcr:lastModifiedBy=""
                        jcr:primaryType="jnt:importDropBox"
                        jcr:uuid="54fc742b-b1c7-4dfa-8ac4-3fe5be0bf056"
                        j:publicationStatus="4"/>
            </private>
            <profile j:originWS="default"
                     jcr:created="2022-08-17T08:12:13.734Z"
                     jcr:createdBy="system"
                     jcr:lastModified="2022-08-12T08:14:14.221Z"
                     jcr:lastModifiedBy=""
                     jcr:primaryType="jnt:folder"
                     jcr:uuid="d49cee5d-ff8e-45f3-b5cd-10ed650d4838"
                     j:publicationStatus="4"/>
         </files>
         <portlets j:originWS="default"
                   jcr:created="2022-08-17T08:12:13.736Z"
                   jcr:createdBy="system"
                   jcr:lastModified="2022-08-12T08:14:14.221Z"
                   jcr:lastModifiedBy=""
                   jcr:primaryType="jnt:portletFolder"
                   jcr:uuid="355f4816-28ad-450f-86f0-e57934728c85"
                   j:publicationStatus="4"/>
         <contents j:originWS="default"
                   jcr:created="2022-08-17T08:12:13.737Z"
                   jcr:createdBy="system"
                   jcr:lastModified="2022-08-12T08:14:14.221Z"
                   jcr:lastModifiedBy=""
                   jcr:primaryType="jnt:contentFolder"
                   jcr:uuid="c6a72441-d0ed-4c88-8bd7-3d96c73ea29b"
                   j:publicationStatus="4"/>
         <preferences jcr:primaryType="jnt:preferences"
                      jcr:uuid="d06fbd30-46de-45de-9858-3ea13dbab4a8"/>
         <j:acl jcr:primaryType="jnt:acl"
                jcr:uuid="fe2c86ea-3e43-4233-85d9-3c507bf75983">
            <GRANT_u_root j:aceType="GRANT"
                          j:principal="u:root"
                          j:protected="false"
                          j:roles="owner"
                          jcr:primaryType="jnt:ace"
                          jcr:uuid="a74a7264-5d05-49b3-af06-6f039a7af48e"/>
         </j:acl>
         <j:addresses jcr:primaryType="jnt:addresses"
                      jcr:uuid="bdd8ef72-1cec-4ad5-aa5a-bd32ee87f7e3"/>
         <passwordHistory jcr:primaryType="jnt:passwordHistory"
                          jcr:uuid="0068317a-dc16-4d41-bfa2-302c21bf38c3">
            <pwd-2022-08-17-08-12-18 jcr:created="2022-08-17T08:12:18.066Z"
                                     jcr:createdBy="system"
                                     jcr:primaryType="jnt:passwordHistoryEntry"
                                     jcr:uuid="0405d81a-128a-432d-876b-c9f5bcfe1e22"/>
            <pwd-2022-08-12-08-14-15 jcr:created="2022-08-12T08:14:15.590Z"
                                     jcr:createdBy="system"
                                     jcr:primaryType="jnt:passwordHistoryEntry"
                                     jcr:uuid="2b43d0df-1c79-4cf7-aa05-cf2e74de29a1"/>
         </passwordHistory>
         <j:phones jcr:primaryType="jnt:phoneNumbers"
                   jcr:uuid="37f9d925-42c6-46cc-bba3-02af733c696c"/>
      </root>
   </users>
</content>
